{"mean":{"confidence_interval":{"confidence_level":0.95,"lower_bound":335321320.92149997,"upper_bound":343546451.96},"point_estimate":339332638.46,"standard_error":2100973.1610713513},"median":{"confidence_interval":{"confidence_level":0.95,"lower_bound":334200061.0,"upper_bound":342158606.0},"point_estimate":337673782.0,"standard_error":2000223.4117785976},"median_abs_dev":{"confidence_interval":{"confidence_level":0.95,"lower_bound":8504198.638120294,"upper_bound":17430392.67194867},"point_estimate":13391803.687047958,"standard_error":2187850.254987747},"slope":null,"std_dev":{"confidence_interval":{"confidence_level":0.95,"lower_bound":11381960.212704297,"upper_bound":18002132.745388553},"point_estimate":15003834.94784328,"standard_error":1685320.57958753}}