{"mean":{"confidence_interval":{"confidence_level":0.95,"lower_bound":332584538.0355,"upper_bound":340174237.556},"point_estimate":336258486.82,"standard_error":1939217.889069243},"median":{"confidence_interval":{"confidence_level":0.95,"lower_bound":331635583.0,"upper_bound":339791785.0},"point_estimate":335333843.0,"standard_error":2211566.4609819027},"median_abs_dev":{"confidence_interval":{"confidence_level":0.95,"lower_bound":7944234.712761641,"upper_bound":15789534.787979722},"point_estimate":11798671.43753171,"standard_error":1995336.1844883717},"slope":null,"std_dev":{"confidence_interval":{"confidence_level":0.95,"lower_bound":9982770.489506958,"upper_bound":17304226.043085873},"point_estimate":13883696.786642838,"standard_error":1878126.7547807002}}