{"mean":{"confidence_interval":{"confidence_level":0.95,"lower_bound":299695765.662,"upper_bound":309252818.90199995},"point_estimate":304188183.82,"standard_error":2437151.9481487437},"median":{"confidence_interval":{"confidence_level":0.95,"lower_bound":295775231.0,"upper_bound":303343167.0},"point_estimate":300978462.5,"standard_error":2114274.175109803},"median_abs_dev":{"confidence_interval":{"confidence_level":0.95,"lower_bound":7867013.493132591,"upper_bound":17129850.383484364},"point_estimate":11387722.152927518,"standard_error":2370519.0072095715},"slope":null,"std_dev":{"confidence_interval":{"confidence_level":0.95,"lower_bound":11828358.818584064,"upper_bound":22079557.278026607},"point_estimate":17469613.77060199,"standard_error":2631648.7233186164}}