{"mean":{"confidence_interval":{"confidence_level":0.95,"lower_bound":338288252.88850003,"upper_bound":351540453.6925},"point_estimate":344524298.14,"standard_error":3385703.1198535543},"median":{"confidence_interval":{"confidence_level":0.95,"lower_bound":335572385.5,"upper_bound":341402066.0},"point_estimate":338483133.0,"standard_error":1611339.079206275},"median_abs_dev":{"confidence_interval":{"confidence_level":0.95,"lower_bound":6633044.052439928,"upper_bound":17518863.860177994},"point_estimate":12303140.904575586,"standard_error":2867082.002520483},"slope":null,"std_dev":{"confidence_interval":{"confidence_level":0.95,"lower_bound":16109180.056483537,"upper_bound":30087956.105791118},"point_estimate":24195472.47243024,"standard_error":3566404.221299379}}