{"mean":{"confidence_interval":{"confidence_level":0.95,"lower_bound":303833712.498,"upper_bound":311735126.2},"point_estimate":307557070.62,"standard_error":2022302.176442856},"median":{"confidence_interval":{"confidence_level":0.95,"lower_bound":300351302.0,"upper_bound":306591559.0},"point_estimate":304621924.0,"standard_error":1712870.7307635255},"median_abs_dev":{"confidence_interval":{"confidence_level":0.95,"lower_bound":6011264.60377872,"upper_bound":13629119.758334756},"point_estimate":9868652.443796396,"standard_error":2047220.641326101},"slope":null,"std_dev":{"confidence_interval":{"confidence_level":0.95,"lower_bound":10149886.759322923,"upper_bound":17393584.23212084},"point_estimate":14328345.046080308,"standard_error":1847564.5298215523}}