{"mean":{"confidence_interval":{"confidence_level":0.95,"lower_bound":297786641.74,"upper_bound":306610769.848},"point_estimate":302059914.0,"standard_error":2268484.2012030035},"median":{"confidence_interval":{"confidence_level":0.95,"lower_bound":291977729.5,"upper_bound":305068668.0},"point_estimate":296789515.5,"standard_error":3542797.823969708},"median_abs_dev":{"confidence_interval":{"confidence_level":0.95,"lower_bound":8234275.745612383,"upper_bound":20426940.71314931},"point_estimate":12957576.841557026,"standard_error":2891274.2950093444},"slope":null,"std_dev":{"confidence_interval":{"confidence_level":0.95,"lower_bound":12355575.61522145,"upper_bound":19252136.826662403},"point_estimate":16200945.021907127,"standard_error":1762498.1905977936}}