{"mean":{"confidence_interval":{"confidence_level":0.95,"lower_bound":302872036.98899996,"upper_bound":313497207.56},"point_estimate":307789771.12,"standard_error":2717125.4524198878},"median":{"confidence_interval":{"confidence_level":0.95,"lower_bound":300872879.0,"upper_bound":309464676.0},"point_estimate":303947846.5,"standard_error":2168386.4048114773},"median_abs_dev":{"confidence_interval":{"confidence_level":0.95,"lower_bound":7450510.3890269995,"upper_bound":14624701.207959652},"point_estimate":10536826.893433928,"standard_error":1827936.0532858472},"slope":null,"std_dev":{"confidence_interval":{"confidence_level":0.95,"lower_bound":11819485.844339635,"upper_bound":26112165.277674384},"point_estimate":19402052.226407506,"standard_error":3713269.2700511846}}