{"mean":{"confidence_interval":{"confidence_level":0.95,"lower_bound":298581709.0115,"upper_bound":309500874.1545},"point_estimate":303602473.44,"standard_error":2793268.3855677396},"median":{"confidence_interval":{"confidence_level":0.95,"lower_bound":295750758.0,"upper_bound":304143812.0},"point_estimate":300084782.0,"standard_error":2694448.8807735764},"median_abs_dev":{"confidence_interval":{"confidence_level":0.95,"lower_bound":7529097.083231807,"upper_bound":15844777.94559896},"point_estimate":9239202.764171362,"standard_error":2076416.7556400879},"slope":null,"std_dev":{"confidence_interval":{"confidence_level":0.95,"lower_bound":11273989.002498513,"upper_bound":26893631.242965966},"point_estimate":19863483.294284124,"standard_error":3996418.641246356}}