{"mean":{"confidence_interval":{"confidence_level":0.95,"lower_bound":293943907.02349997,"upper_bound":300485913.5305},"point_estimate":297088593.18,"standard_error":1670096.457886591},"median":{"confidence_interval":{"confidence_level":0.95,"lower_bound":292952626.0,"upper_bound":299574859.0},"point_estimate":295934384.0,"standard_error":2077681.5884161126},"median_abs_dev":{"confidence_interval":{"confidence_level":0.95,"lower_bound":6619007.537189126,"upper_bound":12885979.12362814},"point_estimate":9290800.949755311,"standard_error":1611486.3182855742},"slope":null,"std_dev":{"confidence_interval":{"confidence_level":0.95,"lower_bound":8075315.107603904,"upper_bound":15815846.100117143},"point_estimate":11980014.012047913,"standard_error":2050667.0266907068}}