{"mean":{"confidence_interval":{"confidence_level":0.95,"lower_bound":213642488.26,"upper_bound":217298649.82},"point_estimate":215340087.99,"standard_error":937323.8105823064},"median":{"confidence_interval":{"confidence_level":0.95,"lower_bound":212431143.0,"upper_bound":215995470.0},"point_estimate":213986986.75,"standard_error":815434.464403408},"median_abs_dev":{"confidence_interval":{"confidence_level":0.95,"lower_bound":2639692.157936096,"upper_bound":4949956.902770698},"point_estimate":3811607.0060804486,"standard_error":584815.4475264583},"slope":null,"std_dev":{"confidence_interval":{"confidence_level":0.95,"lower_bound":3391220.987425753,"upper_bound":9133245.678490069},"point_estimate":6746472.680891101,"standard_error":1423650.332562776}}