{"mean":{"confidence_interval":{"confidence_level":0.95,"lower_bound":349540518.6465,"upper_bound":358053276.88600004},"point_estimate":353671149.34,"standard_error":2174864.049764211},"median":{"confidence_interval":{"confidence_level":0.95,"lower_bound":348778735.0,"upper_bound":358097202.5},"point_estimate":353087027.5,"standard_error":2681971.452786311},"median_abs_dev":{"confidence_interval":{"confidence_level":0.95,"lower_bound":7835832.19178617,"upper_bound":15296820.114827156},"point_estimate":11788345.128715038,"standard_error":1917494.869623791},"slope":null,"std_dev":{"confidence_interval":{"confidence_level":0.95,"lower_bound":11010574.854840424,"upper_bound":19270464.27795257},"point_estimate":15531054.677078743,"standard_error":2106901.705492887}}