{"mean":{"confidence_interval":{"confidence_level":0.95,"lower_bound":296023520.0155,"upper_bound":306725087.46},"point_estimate":300979655.24,"standard_error":2741209.649272693},"median":{"confidence_interval":{"confidence_level":0.95,"lower_bound":291267573.5,"upper_bound":300004889.0},"point_estimate":293495191.5,"standard_error":2689536.654014063},"median_abs_dev":{"confidence_interval":{"confidence_level":0.95,"lower_bound":5948257.811397314,"upper_bound":15974812.897465348},"point_estimate":9901336.36021614,"standard_error":2453057.677017932},"slope":null,"std_dev":{"confidence_interval":{"confidence_level":0.95,"lower_bound":11909399.959145512,"upper_bound":25625132.847000334},"point_estimate":19558191.27228566,"standard_error":3484107.662934539}}