{"mean":{"confidence_interval":{"confidence_level":0.95,"lower_bound":300964639.38,"upper_bound":309147352.943},"point_estimate":304912627.56,"standard_error":2084707.6388667647},"median":{"confidence_interval":{"confidence_level":0.95,"lower_bound":299821982.0,"upper_bound":306765917.0},"point_estimate":302684843.5,"standard_error":1687177.5368349561},"median_abs_dev":{"confidence_interval":{"confidence_level":0.95,"lower_bound":6550149.664011598,"upper_bound":15060670.849719644},"point_estimate":9267470.015269518,"standard_error":2129237.477705721},"slope":null,"std_dev":{"confidence_interval":{"confidence_level":0.95,"lower_bound":10459167.103205109,"upper_bound":18721336.58888786},"point_estimate":14855030.666248854,"standard_error":2127485.7833513045}}