{"mean":{"confidence_interval":{"confidence_level":0.95,"lower_bound":304258235.58,"upper_bound":313373601.924},"point_estimate":308543626.62,"standard_error":2336225.2835145416},"median":{"confidence_interval":{"confidence_level":0.95,"lower_bound":302241585.0,"upper_bound":306491823.5},"point_estimate":304347367.0,"standard_error":1131821.805156114},"median_abs_dev":{"confidence_interval":{"confidence_level":0.95,"lower_bound":4552991.871768236,"upper_bound":14178956.04327321},"point_estimate":6872568.45638752,"standard_error":2491145.003984593},"slope":null,"std_dev":{"confidence_interval":{"confidence_level":0.95,"lower_bound":10427657.180557646,"upper_bound":21746608.904582866},"point_estimate":16722436.338398686,"standard_error":2889981.5079431194}}