{"mean":{"confidence_interval":{"confidence_level":0.95,"lower_bound":371129228.407,"upper_bound":378613898.9275},"point_estimate":374631035.84,"standard_error":1911319.6911641795},"median":{"confidence_interval":{"confidence_level":0.95,"lower_bound":368189447.0,"upper_bound":374467736.5},"point_estimate":372259454.5,"standard_error":1906244.3806036494},"median_abs_dev":{"confidence_interval":{"confidence_level":0.95,"lower_bound":5950692.981854081,"upper_bound":14242191.89735055},"point_estimate":9514631.291681528,"standard_error":2037920.4355578083},"slope":null,"std_dev":{"confidence_interval":{"confidence_level":0.95,"lower_bound":9088713.587090952,"upper_bound":18208132.319892637},"point_estimate":13705253.444836494,"standard_error":2441193.1578938616}}