{"mean":{"confidence_interval":{"confidence_level":0.95,"lower_bound":226796268.6715,"upper_bound":245820382.26775},"point_estimate":235748991.99,"standard_error":4882813.235954755},"median":{"confidence_interval":{"confidence_level":0.95,"lower_bound":218161024.0,"upper_bound":221740675.75},"point_estimate":219519296.0,"standard_error":1083891.5713528243},"median_abs_dev":{"confidence_interval":{"confidence_level":0.95,"lower_bound":4061262.015648186,"upper_bound":13277695.380073786},"point_estimate":8205248.291377723,"standard_error":2479845.376230989},"slope":null,"std_dev":{"confidence_interval":{"confidence_level":0.95,"lower_bound":25301385.065822285,"upper_bound":41515067.098642096},"point_estimate":35032151.73913692,"standard_error":4152087.9988667425}}