{"mean":{"confidence_interval":{"confidence_level":0.95,"lower_bound":243222886.1345,"upper_bound":251110063.01599997},"point_estimate":246972494.7,"standard_error":2010572.6093216457},"median":{"confidence_interval":{"confidence_level":0.95,"lower_bound":241189926.0,"upper_bound":245713428.0},"point_estimate":242605700.0,"standard_error":1112995.771559471},"median_abs_dev":{"confidence_interval":{"confidence_level":0.95,"lower_bound":3251923.662766814,"upper_bound":10922442.992287874},"point_estimate":6742170.082202554,"standard_error":2133235.505682708},"slope":null,"std_dev":{"confidence_interval":{"confidence_level":0.95,"lower_bound":9174406.040342497,"upper_bound":18187587.70021028},"point_estimate":14170776.199132646,"standard_error":2293996.064524944}}