{"mean":{"confidence_interval":{"confidence_level":0.95,"lower_bound":338119629.573,"upper_bound":347188737.29249996},"point_estimate":342490276.08,"standard_error":2314084.198560624},"median":{"confidence_interval":{"confidence_level":0.95,"lower_bound":336577456.0,"upper_bound":342824388.0},"point_estimate":339735109.0,"standard_error":1453589.2643744198},"median_abs_dev":{"confidence_interval":{"confidence_level":0.95,"lower_bound":6000801.89576447,"upper_bound":14704869.836336374},"point_estimate":8643960.372439027,"standard_error":2315998.234212258},"slope":null,"std_dev":{"confidence_interval":{"confidence_level":0.95,"lower_bound":10677256.856744131,"upper_bound":21382329.73842055},"point_estimate":16593306.134402355,"standard_error":2737182.715765816}}