{"mean":{"confidence_interval":{"confidence_level":0.95,"lower_bound":332106392.3505,"upper_bound":342786215.9995},"point_estimate":337121948.54,"standard_error":2728223.467784565},"median":{"confidence_interval":{"confidence_level":0.95,"lower_bound":328566311.5,"upper_bound":336937016.0},"point_estimate":330815935.5,"standard_error":2310573.712507284},"median_abs_dev":{"confidence_interval":{"confidence_level":0.95,"lower_bound":7233685.331976414,"upper_bound":16232747.67191112},"point_estimate":10747657.798790932,"standard_error":2298372.921992281},"slope":null,"std_dev":{"confidence_interval":{"confidence_level":0.95,"lower_bound":12831617.12684306,"upper_bound":24504294.800155677},"point_estimate":19387690.642275818,"standard_error":2982356.8263917957}}