{"mean":{"confidence_interval":{"confidence_level":0.95,"lower_bound":297256295.56,"upper_bound":303412291.465},"point_estimate":300341231.84,"standard_error":1564045.2087478812},"median":{"confidence_interval":{"confidence_level":0.95,"lower_bound":297738687.5,"upper_bound":302676426.0},"point_estimate":300042102.0,"standard_error":1245356.1787562275},"median_abs_dev":{"confidence_interval":{"confidence_level":0.95,"lower_bound":4613409.303295612,"upper_bound":10730939.260187745},"point_estimate":7211824.395364523,"standard_error":1590791.9481355976},"slope":null,"std_dev":{"confidence_interval":{"confidence_level":0.95,"lower_bound":6752936.287591161,"upper_bound":15081393.103721905},"point_estimate":11161931.815751564,"standard_error":2164427.0982173732}}