{"mean":{"confidence_interval":{"confidence_level":0.95,"lower_bound":363772579.7,"upper_bound":373217812.083},"point_estimate":368352270.84,"standard_error":2415202.0885788566},"median":{"confidence_interval":{"confidence_level":0.95,"lower_bound":360831593.0,"upper_bound":369070634.5},"point_estimate":363229473.5,"standard_error":2145885.333273353},"median_abs_dev":{"confidence_interval":{"confidence_level":0.95,"lower_bound":5915398.9481806755,"upper_bound":15609890.373069048},"point_estimate":10933010.964900255,"standard_error":2444143.786979094},"slope":null,"std_dev":{"confidence_interval":{"confidence_level":0.95,"lower_bound":12632882.738684012,"upper_bound":20927844.06029478},"point_estimate":17289397.251828384,"standard_error":2120097.4764239914}}