{"mean":{"confidence_interval":{"confidence_level":0.95,"lower_bound":388537993.66,"upper_bound":393615566.66},"point_estimate":391058821.6,"standard_error":1290395.1469855623},"median":{"confidence_interval":{"confidence_level":0.95,"lower_bound":387818936.5,"upper_bound":393800494.5},"point_estimate":391026597.0,"standard_error":1547783.2537173748},"median_abs_dev":{"confidence_interval":{"confidence_level":0.95,"lower_bound":5421266.168153286,"upper_bound":13785147.838264704},"point_estimate":10292403.979173303,"standard_error":1981811.0910851506},"slope":null,"std_dev":{"confidence_interval":{"confidence_level":0.95,"lower_bound":7381132.652155869,"upper_bound":10729088.05754284},"point_estimate":9170710.201715048,"standard_error":853471.6158327756}}