{"mean":{"confidence_interval":{"confidence_level":0.95,"lower_bound":252737019.52,"upper_bound":260884389.97425},"point_estimate":256553298.0,"standard_error":2082029.5941593756},"median":{"confidence_interval":{"confidence_level":0.95,"lower_bound":249906904.5,"upper_bound":254003306.0},"point_estimate":251362093.75,"standard_error":1142276.919576129},"median_abs_dev":{"confidence_interval":{"confidence_level":0.95,"lower_bound":4698489.785385132,"upper_bound":13491571.545776725},"point_estimate":8108468.242245913,"standard_error":2175845.131301605},"slope":null,"std_dev":{"confidence_interval":{"confidence_level":0.95,"lower_bound":10762631.61021631,"upper_bound":18167651.32329601},"point_estimate":14952526.57673719,"standard_error":1911866.9437418613}}