{"mean":{"confidence_interval":{"confidence_level":0.95,"lower_bound":392700528.4255,"upper_bound":400374908.316},"point_estimate":396325178.32,"standard_error":1966150.2691706487},"median":{"confidence_interval":{"confidence_level":0.95,"lower_bound":391156859.0,"upper_bound":398850850.5},"point_estimate":394338446.0,"standard_error":1901442.8579528867},"median_abs_dev":{"confidence_interval":{"confidence_level":0.95,"lower_bound":7501034.430930018,"upper_bound":14318109.911602736},"point_estimate":12109357.675015926,"standard_error":1810732.7852564626},"slope":null,"std_dev":{"confidence_interval":{"confidence_level":0.95,"lower_bound":9246424.99574476,"upper_bound":18704654.48700902},"point_estimate":14025235.088555861,"standard_error":2518337.5811900143}}