{"mean":{"confidence_interval":{"confidence_level":0.95,"lower_bound":299595006.7,"upper_bound":316549308.483},"point_estimate":306797911.16,"standard_error":4391330.339933192},"median":{"confidence_interval":{"confidence_level":0.95,"lower_bound":296180597.0,"upper_bound":303568026.0},"point_estimate":298930951.0,"standard_error":1835686.6207344532},"median_abs_dev":{"confidence_interval":{"confidence_level":0.95,"lower_bound":6200373.195621371,"upper_bound":15400624.351984262},"point_estimate":9805204.577922821,"standard_error":2502276.857651792},"slope":null,"std_dev":{"confidence_interval":{"confidence_level":0.95,"lower_bound":12763881.503153436,"upper_bound":48357441.42468508},"point_estimate":31353113.24785079,"standard_error":10781926.249162074}}